{"cameraMode":{"drawMode":0,"name":"Shaded","section":"Shading Mode"},"sceneLighting":false,"audioPlay":false,"sceneViewState":{"showFog":true,"showMaterialUpdate":false,"showSkybox":true,"showFlares":true,"showImageEffects":true,"showParticleSystems":true},"in2DMode":false,"pivot":{"x":0.8206367492675781,"y":1.1858410835266114,"z":2.9486517906188967},"rotation":{"x":0.03316332399845123,"y":-0.7046743035316467,"z":0.03301446884870529,"w":0.7080525755882263},"size":4.4121880531311039,"orthographic":false}