{"cameraMode":{"drawMode":0,"name":"Shaded","section":"Shading Mode"},"sceneLighting":true,"audioPlay":false,"sceneViewState":{"showFog":true,"showMaterialUpdate":false,"showSkybox":true,"showFlares":true,"showImageEffects":true,"showParticleSystems":true},"in2DMode":false,"pivot":{"x":-2.538754463195801,"y":1.8732893466949463,"z":-1.5076117515563965},"rotation":{"x":-0.06223820894956589,"y":0.5586264133453369,"z":-0.042287636548280719,"w":-0.8260863423347473},"size":19.135982513427736,"orthographic":false}